[
  {
    "id": "142F1DEF-3E1E-E6C6-2227-0CD48573FCE3",
    "status": 1,
    "customer_name": "Ivan",
    "rider_name": "Giacomo",
    "order_address": "742-3220 Morbi Rd.",
    "merchant_name": "Bertha",
    "merchant_address": "928-4184 Nec, Av.",
    "total_price": "79998",
    "updated_time": "29/07/2021",
    "dishes": [
      {
        "name": "Dish 1",
        "price": 70000
      },
      {
        "name": "Dish 1",
        "price": 80000
      }
    ]
  },
  {
    "id": "1D6EA177-C4D8-D7EA-D4F9-17F8984E6C4A",
    "status": 2,
    "customer_name": "Hamish",
    "rider_name": "Lars",
    "order_address": "610-6042 Nisi. Rd.",
    "merchant_name": "Catherine",
    "merchant_address": "Ap #893-726 Felis Street",
    "total_price": "82902",
    "updated_time": "10/11/2020"
  },
  {
    "id": "7DB8741C-2338-C1DD-49C7-6C7059A51D25",
    "status": 3,
    "customer_name": "Brody",
    "rider_name": "Isaiah",
    "order_address": "8897 Donec Avenue",
    "merchant_name": "Ivy",
    "merchant_address": "1518 Euismod Avenue",
    "total_price": "77834",
    "updated_time": "11/04/2020",
    "dishes": [
      {
        "name": "Dish 1",
        "price": 70000
      },
      {
        "name": "Dish 1",
        "price": 80000
      }
    ]
  },
  {
    "id": "8D7FB772-BAE7-0851-5A58-05D724E52552",
    "status": 4,
    "customer_name": "Urielle",
    "rider_name": "Otto",
    "order_address": "Ap #637-6799 Varius Rd.",
    "merchant_name": "Amity",
    "merchant_address": "656-7803 Dictum. Rd.",
    "total_price": "67382",
    "updated_time": "25/03/2021",
    "dishes": [
      {
        "name": "Dish 1",
        "price": 70000
      },
      {
        "name": "Dish 1",
        "price": 80000
      }
    ]
  },
  {
    "id": "A0F91C54-1239-46F8-A044-4D714410F76E",
    "status": 5,
    "customer_name": "Leo",
    "rider_name": "Arthur",
    "order_address": "940-5664 Nulla Ave",
    "merchant_name": "Colette",
    "merchant_address": "171-302 Luctus Road",
    "total_price": "45411",
    "updated_time": "06/11/2021",
    "dishes": [
      {
        "name": "Dish 1",
        "price": 70000
      },
      {
        "name": "Dish 1",
        "price": 80000
      }
    ]
  },
  {
    "id": "DA29F22A-6472-22A8-95C1-2FE5DAF5FA7F",
    "status": 0,
    "customer_name": "Kylynn",
    "rider_name": "Duncan",
    "order_address": "7913 In Avenue",
    "merchant_name": "Virginia",
    "merchant_address": "P.O. Box 565, 2213 Nec St.",
    "total_price": "45368",
    "updated_time": "01/03/2021",
    "dishes": [
      {
        "name": "Dish 1",
        "price": 70000
      },
      {
        "name": "Dish 1",
        "price": 80000
      }
    ]
  },
  {
    "id": "320DEE1D-5937-8377-6284-A61936F48320",
    "status": ";6771917051305661=8011475115? ",
    "customer_name": "Imelda",
    "rider_name": "Brock",
    "order_address": "Ap #148-7582 Mauris Av.",
    "merchant_name": "Jade",
    "merchant_address": "P.O. Box 380, 9618 Scelerisque Av.",
    "total_price": "94160",
    "updated_time": "02/05/2021"
  },
  {
    "id": "9D36110F-D526-7D9F-C32D-C6A812657F0B",
    "status": ";36028192741733=34015062?1",
    "customer_name": "Cairo",
    "rider_name": "Alexander",
    "order_address": "Ap #429-2597 Luctus St.",
    "merchant_name": "Idola",
    "merchant_address": "P.O. Box 506, 4674 Dui. St.",
    "total_price": "69325",
    "updated_time": "19/11/2021"
  },
  {
    "id": "0DA0B16A-0932-B06B-0C41-FAA94709B892",
    "status": ";313089668644078=86124468?6",
    "customer_name": "Ila",
    "rider_name": "Jesse",
    "order_address": "Ap #287-9028 Nisi Rd.",
    "merchant_name": "Amber",
    "merchant_address": "P.O. Box 670, 1596 Sollicitudin Road",
    "total_price": "57912",
    "updated_time": "15/08/2020"
  },
  {
    "id": "9749EBF2-A28B-192F-49A1-E2F400979DEC",
    "status": ";213149890107244=0309760887? ",
    "customer_name": "Yuli",
    "rider_name": "Hall",
    "order_address": "2545 In Av.",
    "merchant_name": "Pamela",
    "merchant_address": "Ap #373-5643 Montes, Avenue",
    "total_price": "18059",
    "updated_time": "07/12/2021"
  },
  {
    "id": "84AF9771-8814-2963-1E33-7782F34EBDD3",
    "status": ";180069883999572=72031748? ",
    "customer_name": "Dylan",
    "rider_name": "Clayton",
    "order_address": "P.O. Box 578, 507 Blandit St.",
    "merchant_name": "Anika",
    "merchant_address": "9146 Ante St.",
    "total_price": "50846",
    "updated_time": "30/06/2021"
  },
  {
    "id": "4674CBBA-E54A-4E93-FAC7-A08D948DB684",
    "status": ";6709987204655806=06092732?8",
    "customer_name": "Raven",
    "rider_name": "Bradley",
    "order_address": "Ap #983-8805 Amet Road",
    "merchant_name": "Tatyana",
    "merchant_address": "Ap #390-1726 Etiam Street",
    "total_price": "14458",
    "updated_time": "31/12/2021"
  },
  {
    "id": "B1E08D0F-A416-D0CD-CC2D-8F9667E27DF2",
    "status": ";5174737930429770=08068829? ",
    "customer_name": "Solomon",
    "rider_name": "Magee",
    "order_address": "P.O. Box 792, 4803 Luctus, Ave",
    "merchant_name": "Emerald",
    "merchant_address": "634-1291 Quisque Avenue",
    "total_price": "65530",
    "updated_time": "17/11/2020"
  },
  {
    "id": "93E75CC0-79C4-09D1-5101-E2DB5E5FED4A",
    "status": ";201465363815574=76029318355? ",
    "customer_name": "Jenna",
    "rider_name": "Luke",
    "order_address": "922 Aenean Av.",
    "merchant_name": "Maya",
    "merchant_address": "P.O. Box 879, 959 Vitae Rd.",
    "total_price": "13510",
    "updated_time": "02/10/2020"
  },
  {
    "id": "D2973B54-74D9-92C0-49DB-8DCA896BA17F",
    "status": ";371728372663093=7009760846? ",
    "customer_name": "Ira",
    "rider_name": "Stone",
    "order_address": "P.O. Box 109, 4627 In Ave",
    "merchant_name": "Minerva",
    "merchant_address": "P.O. Box 914, 9404 Cras Ave",
    "total_price": "70772",
    "updated_time": "16/09/2020"
  },
  {
    "id": "D8DF944A-8833-9C87-20F4-D33D65EC813F",
    "status": ";30355543402145=22121924? ",
    "customer_name": "Gannon",
    "rider_name": "Ulysses",
    "order_address": "697-9778 Ipsum Road",
    "merchant_name": "Meghan",
    "merchant_address": "9970 Egestas Road",
    "total_price": "51507",
    "updated_time": "28/11/2021"
  },
  {
    "id": "14FA5DA0-FD39-CDF6-8D80-0E7968A42BDC",
    "status": ";4539740466019=1806243941?9",
    "customer_name": "Ulric",
    "rider_name": "Yasir",
    "order_address": "Ap #600-9190 Cursus, St.",
    "merchant_name": "Carissa",
    "merchant_address": "Ap #203-1986 Imperdiet Avenue",
    "total_price": "38930",
    "updated_time": "16/05/2020"
  },
  {
    "id": "DD6E3D8F-9527-44B0-C9D9-B0C7843BD382",
    "status": ";6771950726937873=87032179274?6",
    "customer_name": "Dexter",
    "rider_name": "Kareem",
    "order_address": "4470 Diam Rd.",
    "merchant_name": "Buffy",
    "merchant_address": "385-7158 Sed Rd.",
    "total_price": "10794",
    "updated_time": "09/06/2020"
  }
]
